Description,Frequency
WHITE HANGING HEART T-LIGHT HOLDER,1971
REGENCY CAKESTAND 3 TIER,1703
JUMBO BAG RED RETROSPOT,1600
PARTY BUNTING,1379
ASSORTED COLOUR BIRD ORNAMENT,1375
LUNCH BAG RED RETROSPOT,1288
SET OF 3 CAKE TINS PANTRY DESIGN,1146
POSTAGE,1099
LUNCH BAG  BLACK SKULL.,1052
PACK OF 72 RETROSPOT CAKE CASES,1029
SPOTTY BUNTING,1003
LUNCH BAG SPACEBOY DESIGN,988
PAPER CHAIN KIT 50'S CHRISTMAS,980
NATURAL SLATE HEART CHALKBOARD,967
LUNCH BAG CARS BLUE,966
HEART OF WICKER SMALL,961
LUNCH BAG PINK POLKADOT,931
LUNCH BAG SUKI DESIGN,899
JAM MAKING SET WITH JARS,878
ALARM CLOCK BAKELIKE RED,877
WOODEN PICTURE FRAME WHITE FINISH,876
JUMBO BAG PINK POLKADOT,871
JAM MAKING SET PRINTED,868
SET OF 4 PANTRY JELLY MOULDS,866
LUNCH BAG APPLE DESIGN,866
REX CASH+CARRY JUMBO SHOPPER,859
BAKING SET 9 PIECE RETROSPOT,854
RECIPE BOX PANTRY YELLOW DESIGN,828
RETROSPOT TEA SET CERAMIC 11 PC,823
LUNCH BAG WOODLAND,820
VICTORIAN GLASS HANGING T-LIGHT,815
WOODEN FRAME ANTIQUE WHITE,811
RABBIT NIGHT LIGHT,801
HEART OF WICKER LARGE,801
JUMBO SHOPPER VINTAGE RED PAISLEY,790
ALARM CLOCK BAKELIKE GREEN,789
ROSES REGENCY TEACUP AND SAUCER,783
JUMBO STORAGE BAG SUKI,774
JUMBO BAG VINTAGE LEAF,772
SET/5 RED RETROSPOT LID GLASS BOWLS,763
GARDENERS KNEELING PAD KEEP CALM,756
JUMBO BAG ALPHABET,752
RED RETROSPOT CHARLOTTE BAG,739
SET/20 RED RETROSPOT PAPER NAPKINS,732
6 RIBBONS RUSTIC CHARM,726
VINTAGE SNAP CARDS,722
HOT WATER BOTTLE KEEP CALM,719
SET OF 3 REGENCY CAKE TINS,718
JUMBO BAG APPLES,718
SPACEBOY LUNCH BOX,704
